keys,ja
ui_title_label,ポモドーロヒーローズ
ui_title_start_new,はじめから
ui_title_start_continue,つづきから
ui_title_delete_save,セーブを消す
ui_title_load_failed,セーブを読み込めませんでした。新しく始めます。
ui_title_delete_done,セーブを削除しました。
ui_title_delete_failed,セーブの削除に失敗しました。
ui_base_save,セーブする
ui_base_back_to_title,タイトルへ戻る
ui_common_ok,決定
ui_common_close,閉じる
ui_common_back,戻る
ui_common_back_to_base,拠点へ戻る
ui_common_yes,はい
ui_common_no,いいえ
ui_common_title_confirm,確認
ui_common_title_save,セーブ
ui_common_title_received,受け取り
ui_common_title_result,結果
ui_common_break,壊す
ui_dungeon_clear_heading,%d層　ボスを倒した
ui_dungeon_clear_caption,ここから先へ進むか、持ち帰るかを選ぶ
ui_dungeon_clear_loot,いま持っているもの
ui_dungeon_clear_loot_none,手ぶらだ
ui_dungeon_clear_descend,さらに潜る
ui_dungeon_clear_retreat,出る
ui_res_gold,ゴールド
ui_res_gems,ジェム
ui_res_stamina,スタミナ
ui_res_construction_material_1,木材
ui_nav_adventure_select,冒険
ui_nav_guild,ギルド
ui_nav_pomodoro,ポモドーロ
ui_nav_settings,設定
ui_nav_scenario,シナリオ
ui_placeholder_suffix,（未実装）
ui_base_chest,宝箱
ui_res_material_unknown,不明な素材
ui_pomodoro_protection_light,ライト
ui_pomodoro_protection_middle,ミドル
ui_pomodoro_protection_hard,ハード
ui_pomodoro_chest_at,{0}分で{1}
ui_chest_generic,ふつうの宝箱
ui_chest_bonus_small,ボーナス宝箱（小）
ui_chest_bonus_medium,ボーナス宝箱（中）
ui_chest_bonus_large,ボーナス宝箱（大）
ui_chest_battle,戦利品の宝箱
ui_chest_common,ふるびた宝箱
ui_chest_rare,かがやく宝箱
ui_chest_epic,ほうぎょくの宝箱
ui_chest_legendary,でんせつの宝箱
ui_pomodoro_title_placeholder,何に集中しますか（空のままでも始められます）
ui_pomodoro_reflection_placeholder,{0}文字以上で入力してください
ui_pomodoro_break_short,休憩
ui_pomodoro_break_long,長い休憩
ui_pomodoro_quit,やめる
ui_pomodoro_quit_confirm,ここまでの報酬を受け取って拠点に戻ります。よろしいですか？
ui_pomodoro_select_protection,今日の加護を選ぶ
ui_pomodoro_input_title,何に取り組みますか？（任意）
ui_pomodoro_start_focus,はじめる
ui_pomodoro_reflection_title,振り返り
ui_pomodoro_reflection_instruction,今回やったことを{0}文字以上で書いてください
ui_pomodoro_reflection_warning,あと{0}秒で自動的にスキップされます
ui_pomodoro_reflection_warning_chars,あと{0}文字必要です
ui_pomodoro_reflection_complete,確定する
ui_pomodoro_break_skip,休憩をスキップ
ui_res_stamina_potion,スタミナポーション
ui_base_use_potion,使う
ui_guild_shop,ショップ
ui_guild_training,育成
ui_guild_research,研究
ui_guild_workshop,作業場
ui_nav_warehouse,倉庫
ui_nav_shop,ショップ
ui_nav_training,育成
ui_nav_research,研究
ui_nav_workshop,作業場
ui_warehouse_tab_inventory,持ち物
ui_warehouse_tab_material,素材
ui_warehouse_tab_codex,図鑑
ui_warehouse_empty,なにもありません
ui_warehouse_undiscovered,？？？
ui_warehouse_no_chest,受け取れる宝箱はありません
ui_battle_retry,もう一度
ui_battle_char_swordsman,剣士
ui_battle_char_archer,弓兵
ui_battle_enemy_slime,スライム
ui_battle_enemy_wolf,ウルフ
ui_battle_enemy_slime_king,スライムキング
ui_battle_char_priest,僧侶
ui_battle_skill_power_slash,強撃
ui_battle_skill_wide_sweep,横薙ぎ
ui_battle_skill_snipe,狙撃
ui_battle_skill_arrow_rain,矢の雨
ui_battle_skill_healing_light,癒しの光
ui_battle_skill_holy_ray,聖光
ui_battle_skill_reckless_strike,捨て身の一撃
ui_battle_skill_last_stand,背水の刃
ui_battle_skill_shield_bash,盾撃
ui_battle_skill_helm_splitter,兜割り
ui_battle_skill_finisher,追い討ち
ui_battle_skill_long_shot,遠矢
ui_battle_skill_rapid_volley,速射
ui_battle_skill_piercing_arrow,貫きの矢
ui_battle_skill_mend,集中治療
ui_battle_skill_drain_life,吸命
ui_battle_skill_purge_wave,浄化の波動
ui_battle_skill_judgement,裁きの雷
ui_battle_just,JUST!
ui_adventure_stamina_short,スタミナが足りません
ui_adventure_locked,前のステージをクリアすると解放されます
ui_adventure_training,トレーニング
ui_adventure_challenge,挑戦
ui_floor_1,草原のスライム
ui_floor_2,風わたる丘
ui_floor_3,荒野の群れ
ui_floor_4,霧ふかき森
ui_floor_5,森の主
ui_floor_node_battle,たたかう
ui_floor_node_boss,ボス
ui_floor_node_rest,休憩
ui_floor_node_relic,レリック
ui_floor_node_shop,ショップ
ui_floor_chest_count,宝箱
ui_floor_rested,ひと休みした。全員のHPが満タンに戻った
ui_floor_node_not_ready,ここはまだ作っていない。そのまま先へ進める
ui_floor_layer_no,%d層
ui_floor_cannot_move,そこへは進めない
ui_floor_abandon,フロアを降りる
ui_floor_resume,続きから
ui_floor_start_failed,フロアに入れなかった
ui_floor_other_in_progress,別のフロアの途中。先に降りること
ui_floor_depth_hint,奥へ進むほど良い宝箱が出やすい
ui_relic_select_title,レリックを1つ選ぶ
ui_relic_select_hint,このフロアのあいだだけ効く。フロアを降りると消える
ui_relic_pick_character,誰に付けるか選ぶ
ui_relic_take,取る
ui_relic_take_failed,取れなかった
ui_relic_select_locked,選ぶまでここから出られない
ui_relic_candidates,候補
ui_relic_press_hint,マスを押すと右に詳細が出る
ui_relic_scope_party,3人全員
ui_relic_scope_single,1人だけ
ui_relic_none,レリック: なし
ui_relic_held,レリック
ui_relic_banner_of_war,いくさの旗
ui_relic_iron_wall,くろがねの壁
ui_relic_warding_stone,まもりの石
ui_relic_swift_boots,はやての靴
ui_relic_lucky_charm,幸運のお守り
ui_relic_hasty_sigil,急ぎの紋
ui_relic_champion_blade,英雄の刃
ui_relic_guardian_plate,守護の鎧
ui_relic_sharp_eye,鷹の目
ui_relic_berserker_mark,狂戦士の刻印
ui_relic_first_strike,先手の護符
ui_relic_thorns,いばらの衣
ui_status_ch_status_relic_banner_of_war,旗
ui_status_ch_status_relic_iron_wall,壁
ui_status_ch_status_relic_warding_stone,護
ui_status_ch_status_relic_swift_boots,速
ui_status_ch_status_relic_lucky_charm,運
ui_status_ch_status_relic_hasty_sigil,急
ui_status_ch_status_relic_champion_blade,剣
ui_status_ch_status_relic_guardian_plate,鎧
ui_status_ch_status_relic_sharp_eye_rate,眼
ui_status_ch_status_relic_sharp_eye_dmg,会
ui_status_ch_status_relic_berserker_mark,狂
ui_status_ch_status_relic_first_strike,先
ui_status_ch_status_relic_thorns,棘
ui_chest_gacha,ショップの当たり
ui_floor_torch,たいまつ
ui_floor_torch_layers,層先
ui_floor_torch_max,これ以上は明るくならない
ui_floor_shop_title,フロアのショップ
ui_floor_shop_gacha_hit,入店の記念にひとつ当たった（持ち帰れる）
ui_floor_shop_gacha_miss,今回は何も出なかった
ui_floor_shop_heal,回復
ui_floor_shop_hurt,傷ついている
ui_floor_shop_buy,買う
ui_floor_shop_bought,買った
ui_floor_shop_healed,手当てした
ui_floor_shop_cannot_buy,買えなかった
ui_floor_repeat,周回
ui_floor_repeat_done,1周した。
ui_floor_repeat_gacha,ガチャ
ui_floor_repeat_reject_not_floor,ここは周回できない
ui_floor_repeat_reject_not_cleared,一度クリアすると周回できる
ui_floor_repeat_reject_in_floor,別のフロアの途中。先に降りること
ui_floor_repeat_reject_stamina,スタミナが足りない
ui_floor_chest_found,宝箱を見つけた！
ui_base_save_completed,セーブしました
ui_base_save_failed,セーブに失敗しました
ui_base_chest_received,宝箱を%d個受け取りました
ui_base_potion_received,ポーションを%d個受け取りました
ui_uitest_open,UIテスト
ui_uitest_title,UIテストのページ（デバッグビルドのみ）
ui_uitest_screens,画面を開く
ui_uitest_screens_prepared,画面を開く（先に状態を作るもの）
ui_uitest_prepare_note,押すとランに入り、必要ならボスを倒してから開きます
ui_uitest_prepare_failed,状態を作れませんでした。ログを見てください
ui_uitest_embedded,画面の中身（遷移では見られないもの）
ui_uitest_embedded_note,ポモドーロの4つのビュー。戻るボタンが無いのでここに埋め込んでいます。押しても何も起きません
ui_uitest_parts,部品カタログ
ui_uitest_modal_notify,モーダル（知らせ）
ui_uitest_modal_confirm,モーダル（確認）
ui_uitest_modal_message,これはUIテストのモーダルです
ui_uitest_buttons,ボタン
ui_uitest_button_long,長い文のボタン（はみ出さないか）
ui_uitest_button_wide,幅いっぱいのボタン
ui_uitest_settings,設定項目（いま効いている値）
ui_uitest_settings_note,設定画面はまだ無い。ここは値を見るだけで、変えても保存されない
ui_uitest_play_se,SEを鳴らす
ui_uitest_items,アイテム（カテゴリごと）
ui_uitest_cat_equipment,装備
ui_uitest_cat_part,装飾
ui_uitest_cat_material,素材
ui_uitest_cat_consumable,消耗品
ui_uitest_cat_dungeon,ダンジョン専用
ui_uitest_cat_key_item,キーアイテム
ui_uitest_cat_gift,贈り物
ui_uitest_cat_rune,ルーン
ui_uitest_cat_relic,レリック
ui_uitest_cat_other,その他
ui_title_back_confirm,タイトルに戻りますか？ 進行状況は自動でセーブされます
ui_base_pomodoro_rewards,ポーションを%d個、宝箱を%d個受け取りました
ui_title_delete_confirm,セーブデータを削除しますか？ この操作は取り消せません
ui_res_training_material_1,修練の証
ui_training_title,育成
ui_training_level,Lv.%d
ui_training_level_up,レベルアップ
ui_training_cost,必要素材
ui_training_max_level,研究で上限の解放が必要です
ui_training_stat_hp,HP
ui_training_stat_atk,攻撃
ui_training_stat_mag,魔力
ui_training_stat_def,物理防御
ui_training_stat_mdef,魔法防御
ui_training_stat_atkspd,攻撃速度
ui_training_stat_haste,CD短縮
ui_training_stat_crit_rate,会心率
ui_training_stat_crit_dmg,会心倍率
ui_training_stat_spd,移動速度
ui_training_skill,スキル
ui_training_equipment,装備
ui_nav_training_skill,スキル
ui_nav_training_equipment,装備
ui_training_to_list,一覧へ
ui_research_title,研究
ui_research_cap,現在のレベル上限 Lv.%d
ui_research_cost,必要素材
ui_research_owned,所持
ui_research_unlock,解放する
ui_research_unlocked,解放済み
ui_research_locked,%s の解放が必要です
ui_research_effect_cap,レベル上限 +%d
ui_research_effect_stat,全ステータス +%d
ui_research_empty,研究データが読み込めませんでした
ui_research_cap_1,訓練場の拡張
ui_research_cap_2,実戦形式の導入
ui_research_cap_3,遠征訓練
ui_research_cap_4,秘伝書の解読
ui_research_stat_1,基礎体力の底上げ
ui_research_board,ボード%d・解放 %d/%d
ui_research_category_combat,戦闘
ui_research_category_chest,宝箱
ui_research_milestone_mid,★ 中間
ui_research_milestone_final,★★ 最後
ui_research_effect_stat_axis,%s +%d
ui_research_effect_chest_draw,宝箱の抽選回数 +%d
ui_research_cap_5,実戦派遣
ui_research_cap_6,古戦場の記録
ui_research_cap_7,大陸の兵法書
ui_research_cap_8,極意の伝授
ui_research_stat_2,総合強化計画
ui_research_stat_atk_1,武器の研磨
ui_research_chest_1,宝箱の目利き
ui_research_b2_hp_1,体力増強
ui_research_b2_def_1,防具の改良
ui_research_b2_chest_1,宝物庫の整理
ui_research_b2_stat_3,総合強化計画II
ui_research_b2_crit_1,急所の研究
ui_research_b2_stat_4,総合強化計画III
ui_guild_shop_buy,購入する
ui_guild_shop_sold_out,売り切れ
ui_guild_shop_stock,在庫
ui_guild_shop_refreshed_at,更新日
ui_guild_shop_purchased,購入しました
ui_guild_shop_failed,購入できませんでした
ui_guild_shop_empty,ショップのデータが読み込めませんでした
ui_guild_workshop_queue,製作中
ui_guild_workshop_recipes,レシピ
ui_guild_workshop_queue_empty,製作中のものはありません
ui_guild_workshop_recipe_empty,作れるものがありません
ui_guild_workshop_start,作る
ui_guild_workshop_collect,受け取る
ui_guild_workshop_done,完成
ui_guild_workshop_started,製作を開始しました
ui_guild_workshop_collected,受け取りました
ui_guild_workshop_failed,実行できませんでした
ui_res_weapon_wooden_sword,木の剣
ui_res_weapon_iron_sword,鉄の剣
ui_res_weapon_steel_sword,鋼の剣
ui_equipment_title,装備
ui_equipment_slot_weapon,武器
ui_equipment_none,なし
ui_equipment_equip,装備する
ui_equipment_unequip,外す
ui_equipment_owned_header,持っている装備
ui_equipment_empty,装備できるものがありません
ui_equipment_equipped,装備した
ui_equipment_unequipped,外した
ui_equipment_failed,装備できなかった
ui_res_forging_material_1,鍛冶の欠片
ui_res_armor_leather_cap,革の帽子
ui_res_armor_iron_helm,鉄の兜
ui_res_armor_leather_vest,革の胴着
ui_res_armor_iron_mail,鉄の鎧
ui_res_armor_leather_boots,革のブーツ
ui_res_armor_iron_greaves,鉄の具足
ui_res_acc_ring_power,力の指輪
ui_res_acc_amulet_life,生命の護符
ui_res_weapon_dragon_greatsword,竜殺しの大剣
ui_res_armor_thorn_mail,いばらの鎧
ui_res_acc_guardian_charm,守りのお守り
ui_equipment_slot_header,装備している部位
ui_equipment_slot_head,頭
ui_equipment_slot_armor,上半身
ui_equipment_slot_legs,下半身
ui_equipment_slot_accessory,アクセサリー
ui_equipment_select,選ぶ
ui_equipment_grade,等級%d
ui_equipment_forge,鍛える
ui_equipment_forged,等級が上がった
ui_equipment_max_grade,最大
ui_equipment_equipped_by,装備中：%s
ui_warehouse_dismantle,素材にする
ui_training_nodes,ステータスノード
ui_nav_stat_node,ステータスノード
ui_stat_node_points,残ポイント
ui_stat_node_reset,振り直す
ui_skill_select_slots_header,持ち込むスキル
ui_skill_select_candidates_header,スキル候補
ui_skill_select_slot,枠 %d
ui_skill_select_empty,未選択
ui_skill_select_locked,Lv%d で解放
ui_battle_char_debug_status,検証用（状態）
ui_battle_char_debug_life,検証用（寿命）
ui_battle_char_debug_mix,検証用（複合）
ui_battle_skill_dbg_buff_refresh,再付与バフ
ui_battle_skill_dbg_buff_stack,独立スタックバフ
ui_battle_skill_dbg_buff_atkspd,攻撃速度バフ
ui_battle_skill_dbg_debuff_def,防御デバフ（全体）
ui_battle_skill_dbg_dot_long,長寿命DoT（30発）
ui_battle_skill_dbg_dot_odd,端数DoT（2発）
ui_battle_skill_dbg_charge_guard,チャージ中ガード
ui_battle_skill_dbg_dot_once,単発DoT
ui_battle_skill_dbg_dot_all,全体DoT
ui_battle_skill_dbg_buff_ally,味方全体バフ
ui_battle_skill_dbg_dot_self,自分にDoT
ui_battle_skill_dbg_buff_short,1秒バフ
ui_battle_skill_dbg_mix_all,複合（打撃＋バフ＋DoT）
ui_battle_skill_dbg_delay,遅延2発
ui_battle_skill_dbg_delay_buff,遅延バフ
ui_battle_skill_dbg_drain,吸血
ui_battle_skill_dbg_true,確定ダメージ
ui_battle_skill_dbg_scale_sum,スケール合成
ui_battle_skill_dbg_react_thorns,とげの鎧（反射）
ui_battle_skill_dbg_react_followup,追い討ち（追撃）
ui_battle_skill_dbg_react_warcry,鬨の声（攻撃時バフ）
ui_battle_enemy_dbg_react,検証・反射
ui_battle_enemy_dbg_followup,検証・追撃
ui_battle_enemy_dbg_buff,検証・自己強化
ui_battle_enemy_dbg_dot,検証・毒
ui_battle_enemy_dbg_heal,検証・回復役
ui_battle_enemy_dbg_ranged,検証・遠距離
ui_battle_skill_edbg_react,棘の守り（敵）
ui_battle_skill_edbg_followup,追い討ち（敵）
ui_battle_skill_edbg_buff,咆哮（敵）
ui_battle_skill_edbg_dot,毒の牙（敵）
ui_battle_skill_edbg_heal,癒しの唱和（敵）
ui_battle_skill_edbg_ranged,遠矢（敵）
ui_stage_dbg_enemy_skill,検証・敵のスキル
ui_battle_enemy_dbg_cond,検証・条件
ui_battle_skill_edbg_cond_hp,窮鼠の牙（敵）
ui_battle_skill_dbg_cond_poison,毒への備え
ui_stage_dbg_condition,検証用・条件
ui_battle_enemy_dbg_revive,検証・復活する敵
ui_battle_enemy_dbg_immune,検証・毒に免疫
ui_battle_enemy_dbg_recv,検証・被回復低下
ui_battle_skill_edbg_revive,不死の誓い（敵）
ui_battle_skill_edbg_immune,毒への抵抗（敵）
ui_battle_skill_edbg_recv_down,癒し拒み（敵）
ui_stage_dbg_intervene,検証用・介入点
ui_stage_dbg_passive,検証用・パッシブ
ui_battle_passive_dbg_atk,常在の力（攻撃+30）
ui_battle_passive_dbg_cond_alive,追い詰め（敵1体以下で攻撃+100）
ui_battle_passive_edbg_def,硬い皮膚（敵）
ui_battle_passive_edbg_revive_mark,不死の刻印（敵）
ui_battle_skill_dbg_scale_battle,戦況依存（経過・波・敵数・スタック）
ui_stage_dbg_area,検証用・範囲
ui_battle_skill_dbg_area_narrow,範囲・狭い（起点＝最寄り）
ui_battle_skill_dbg_area_wide,範囲・広い（起点＝最寄り）
ui_battle_skill_dbg_area_far,範囲・射程外まで巻き込む
ui_battle_skill_dbg_area_heal,範囲回復（起点＝自分）
ui_battle_skill_dbg_recast_two,再発動・2段（弱→強）
ui_battle_skill_dbg_summon,召喚・2体（後衛）
ui_battle_summon_dbg_guard,守護霊（検証用）
ui_battle_skill_dbg_hit_true,確定打（検証用）
ui_battle_skill_dbg_hit_true_b,確定打B（検証用）
ui_battle_skill_dbg_hit_true_c,確定打C（検証用）
ui_battle_skill_dbg_hit_phys,物理打（検証用）
ui_battle_skill_dbg_hit_weak,弱打（検証用）
ui_battle_skill_dbg_mit_reduce,軽減付与（検証用）
ui_battle_skill_dbg_mit_pierce,貫通付与（検証用）
ui_battle_skill_dbg_mit_crit,確定会心付与（検証用）
ui_battle_skill_dbg_mit_shield,盾付与（検証用）
ui_battle_skill_dbg_mit_reflect,反射付与（検証用）
ui_battle_skill_dbg_mit_thorns,棘の盾付与（検証用）
ui_battle_skill_dbg_mit_reflect_self,自分に反射（検証用）
ui_battle_skill_dbg_aura_atk,オーラ（検証用）
ui_battle_skill_dbg_aura_follow,追従オーラ（検証用）
ui_battle_skill_dbg_pool_dmg,毒沼（検証用）
ui_battle_skill_dbg_pool_heal,回復地帯（検証用）
ui_battle_skill_dbg_atk_mult,攻撃力2倍（検証用）
ui_battle_skill_dbg_dot_self_mix,自分に毒（検証用）
ui_status_ch_status_power_slash_atk_up,攻
ui_status_ch_status_wide_sweep_guard,守
ui_status_ch_status_holy_burn,灼
ui_status_ch_st_dbg_atk_mult,倍
ui_status_ch_st_dbg_aura_atk,輪
ui_status_ch_st_dbg_aura_follow,従
ui_status_ch_st_dbg_critfix,会
ui_status_ch_st_dbg_dot_self_mix,毒
ui_status_ch_st_dbg_pierce,貫
ui_status_ch_st_dbg_pool_dmg,沼
ui_status_ch_st_dbg_pool_heal,泉
ui_status_ch_st_dbg_reduce,減
ui_status_ch_st_dbg_reflect,返
ui_status_ch_st_dbg_reflect_self,反
ui_status_ch_st_dbg_shield,盾
ui_status_ch_st_dbg_thorns,棘
ui_status_ch_status_dbg_ally_atk,援
ui_status_ch_status_dbg_atk_refresh,攻
ui_status_ch_status_dbg_atk_short,短
ui_status_ch_status_dbg_atk_stack,積
ui_status_ch_status_dbg_atkspd,速
ui_status_ch_status_dbg_charge_guard,構
ui_status_ch_status_dbg_cond_poison_atk,条
ui_status_ch_status_dbg_def_down,弱
ui_status_ch_status_dbg_delay_atk,遅
ui_status_ch_status_dbg_dot_all,全
ui_status_ch_status_dbg_dot_long,長
ui_status_ch_status_dbg_dot_odd,端
ui_status_ch_status_dbg_dot_once,単
ui_status_ch_status_dbg_dot_self,自
ui_status_ch_status_dbg_mix_atk,混
ui_status_ch_status_dbg_mix_dot,濁
ui_status_ch_status_dbg_passive_atk,常
ui_status_ch_status_dbg_passive_cond,件
ui_status_ch_status_dbg_react_followup,追
ui_status_ch_status_dbg_react_thorns,棘
ui_status_ch_status_dbg_react_warcry,号
ui_status_ch_status_dbg_react_warcry_atk,鼓
ui_status_ch_status_edbg_buff_atk,猛
ui_status_ch_status_edbg_cond_atk,察
ui_status_ch_status_edbg_dot,汚
ui_status_ch_status_edbg_followup,継
ui_status_ch_status_edbg_immune,免
ui_status_ch_status_edbg_passive_def,硬
ui_status_ch_status_edbg_passive_mark,印
ui_status_ch_status_edbg_react,応
ui_status_ch_status_edbg_recv_down,阻
ui_status_ch_status_edbg_revive,蘇
ui_res_construction_material_2,石材
ui_res_construction_material_3,鉄材
ui_res_construction_material_4,金材
ui_res_training_material_2,鍛錬の証
ui_res_training_material_3,練達の証
ui_res_training_material_4,極意の証
ui_res_forging_material_2,鍛冶の塊
ui_res_forging_material_3,鍛冶の結晶
ui_res_forging_material_4,鍛冶の極
ui_res_decor_material_1,飾り石
ui_res_decor_material_2,飾り玉
ui_res_decor_material_3,飾り晶
ui_res_decor_material_4,飾りの極
ui_res_part_gem_hp_1,HPの宝石①
ui_res_part_gem_hp_2,HPの宝石②
ui_res_part_gem_hp_3,HPの宝石③
ui_res_part_gem_hp_4,HPの宝石④
ui_res_part_gem_atk_1,攻撃の宝石①
ui_res_part_gem_atk_2,攻撃の宝石②
ui_res_part_gem_atk_3,攻撃の宝石③
ui_res_part_gem_atk_4,攻撃の宝石④
ui_res_part_gem_mag_1,魔力の宝石①
ui_res_part_gem_mag_2,魔力の宝石②
ui_res_part_gem_mag_3,魔力の宝石③
ui_res_part_gem_mag_4,魔力の宝石④
ui_res_part_charm_def_1,物理防御の護符①
ui_res_part_charm_def_2,物理防御の護符②
ui_res_part_charm_def_3,物理防御の護符③
ui_res_part_charm_def_4,物理防御の護符④
ui_res_part_charm_mdef_1,魔法防御の護符①
ui_res_part_charm_mdef_2,魔法防御の護符②
ui_res_part_charm_mdef_3,魔法防御の護符③
ui_res_part_charm_mdef_4,魔法防御の護符④
ui_res_part_emblem_crit_rate_1,会心率の紋章①
ui_res_part_emblem_crit_rate_2,会心率の紋章②
ui_res_part_emblem_crit_rate_3,会心率の紋章③
ui_res_part_emblem_crit_rate_4,会心率の紋章④
ui_res_part_emblem_crit_dmg_1,会心倍率の紋章①
ui_res_part_emblem_crit_dmg_2,会心倍率の紋章②
ui_res_part_emblem_crit_dmg_3,会心倍率の紋章③
ui_res_part_emblem_crit_dmg_4,会心倍率の紋章④
ui_res_part_emblem_atkspd_1,攻撃速度の紋章①
ui_res_part_emblem_atkspd_2,攻撃速度の紋章②
ui_res_part_emblem_atkspd_3,攻撃速度の紋章③
ui_res_part_emblem_atkspd_4,攻撃速度の紋章④
ui_res_part_emblem_haste_1,CD短縮の紋章①
ui_res_part_emblem_haste_2,CD短縮の紋章②
ui_res_part_emblem_haste_3,CD短縮の紋章③
ui_res_part_emblem_haste_4,CD短縮の紋章④
ui_part_slot_header,枠
ui_part_slot_empty,（空き）
ui_part_attach,刺す
ui_part_detach,外す
ui_part_break_confirm,%s を外すと壊れます。素材に戻りますか？
ui_part_broken,壊れて素材になった
ui_part_upgrade,段階を上げる
ui_part_dismantle,壊す
ui_part_owned_header,刺せる装飾
ui_part_reject_locked,この枠はまだ開いていない
ui_part_reject_occupied,先に刺さっているものを外すこと
ui_part_reject_unknown,その装飾は存在しない
ui_part_reject_kind,この部位には刺さらない
ui_part_reject_stock,その装飾を持っていない
ui_part_attached,刺した
ui_part_slot_kind_gem,宝石枠
ui_part_slot_kind_charm,護符枠
ui_part_slot_kind_emblem,紋章枠
ui_part_slot_kind_rune,ルーン枠
ui_part_slot_kind_wild,ワイルド枠
ui_party_preset_slot,控え%d
ui_party_preset_build,ビルド%d
ui_party_preset_empty,空き
ui_party_preset_apply,適用
ui_party_preset_clear,消す
ui_party_preset_burn,焼く
ui_party_preset_applied,適用しました
ui_party_preset_unsaved,このプリセットは空です
ui_party_preset_ref_unsaved,参照しているビルドが空です
ui_party_preset_broken,このプリセットは壊れています
ui_party_preset_taken,%s から %s を外しました
ui_party_preset_missing,%s の%sが見つかりませんでした
ui_party_preset_nodes_skipped,%s の割り振りは当てられませんでした
ui_nav_party_preset,編成
ui_party_preset_burned,ビルド%d に焼きました
ui_res_part_rune_buff_1,力のルーン①
ui_res_part_rune_buff_2,力のルーン②
ui_res_part_rune_buff_3,力のルーン③
ui_res_part_rune_buff_4,力のルーン④
ui_res_part_rune_buff_5,力のルーン⑤
ui_res_part_rune_debuff_1,弱めのルーン①
ui_res_part_rune_debuff_2,弱めのルーン②
ui_res_part_rune_debuff_3,弱めのルーン③
ui_res_part_rune_debuff_4,弱めのルーン④
ui_res_part_rune_debuff_5,弱めのルーン⑤
ui_res_part_rune_move_1,踏み込みのルーン①
ui_res_part_rune_move_2,踏み込みのルーン②
ui_res_part_rune_move_3,踏み込みのルーン③
ui_res_part_rune_move_4,踏み込みのルーン④
ui_res_part_rune_move_5,踏み込みのルーン⑤
ui_res_part_rune_heal_1,癒しのルーン①
ui_res_part_rune_heal_2,癒しのルーン②
ui_res_part_rune_heal_3,癒しのルーン③
ui_res_part_rune_heal_4,癒しのルーン④
ui_res_part_rune_heal_5,癒しのルーン⑤
ui_res_part_rune_shield_1,守りのルーン①
ui_res_part_rune_shield_2,守りのルーン②
ui_res_part_rune_shield_3,守りのルーン③
ui_res_part_rune_shield_4,守りのルーン④
ui_res_part_rune_shield_5,守りのルーン⑤
ui_status_ch_st_rune_buff,攻
ui_status_ch_st_rune_debuff,弱
ui_status_ch_st_rune_shield,盾
ui_part_rune_move,移動量
ui_part_rune_merge,重ねる
ui_part_rune_move_format,%+d
ui_part_reject_rune_max,これ以上重ねられません
ui_part_reject_rune_stock,同じルーンが%d個要ります
ui_part_reject_rune_kind,重ねられない装飾です
ui_stat_node_passive_header,パッシブ
ui_stat_node_passive_locked,%dpt 貯まると解放
ui_battle_passive_sw_whetstone,研ぎ澄まし（攻撃力+10%）
ui_battle_passive_sw_last_wall,背水の壁（HP半分以下で防御+25）
ui_battle_passive_sw_thorn_mail,棘の鎧（被弾で反撃）
ui_battle_passive_sw_bloodlust,血の昂り（敵2体以下で攻撃速度+15）
ui_battle_passive_sw_vanguard,先陣（防御+20・魔防+20）
ui_battle_passive_ar_steady_aim,静かな狙い（会心率+10）
ui_battle_passive_ar_opening_shot,先手（開幕15秒は攻撃力+20%）
ui_battle_passive_ar_follow_through,追い射ち（命中で追撃）
ui_battle_passive_ar_hunters_focus,狩人の集中（敵2体以下で会心ダメージ+40）
ui_battle_passive_ar_volley_master,連射の極み（攻撃速度+20）
ui_battle_passive_pr_devotion,献身（魔力+12）
ui_battle_passive_pr_triage,選別（味方2人以下で魔力+25）
ui_battle_passive_pr_sanctuary,聖域（魔防+20）
ui_battle_passive_pr_zeal,熱意（30秒経過で詠唱速度+15）
ui_battle_passive_pr_benediction,祝祷（魔力+20・詠唱速度+10）
ui_status_ch_status_sw_whetstone,研
ui_status_ch_status_sw_last_wall,壁
ui_status_ch_status_sw_thorn_mail,棘
ui_status_ch_status_eqfx_thorn,棘
ui_status_ch_status_eqfx_follow_strike,追
ui_status_ch_status_eqfx_last_guard,守
ui_status_ch_status_sw_bloodlust,昂
ui_status_ch_status_sw_vanguard_def,陣
ui_status_ch_status_sw_vanguard_mdef,盾
ui_status_ch_status_ar_steady_aim,狙
ui_status_ch_status_ar_opening_shot,先
ui_status_ch_status_ar_follow_through,追
ui_status_ch_status_ar_hunters_focus,集
ui_status_ch_status_ar_volley_master,連
ui_status_ch_status_pr_devotion,献
ui_status_ch_status_pr_triage,選
ui_status_ch_status_pr_sanctuary,聖
ui_status_ch_status_pr_zeal,熱
ui_status_ch_status_pr_benediction_mag,祝
ui_status_ch_status_pr_benediction_haste,詠
ui_research_category_workshop,作業場
ui_research_b2_craft_1,製作手順の見直し
ui_research_b2_craft_2,作業台の増設
ui_research_effect_craft_speed,製作時間 -%d%%
ui_research_effect_craft_slot,同時製作 +%d
ui_guild_workshop_draw,装飾（ランダム）
ui_icon_weapon_wooden_sword,木
ui_icon_weapon_iron_sword,鉄
ui_icon_weapon_steel_sword,鋼
ui_icon_armor_leather_cap,革
ui_icon_armor_iron_helm,鉄
ui_icon_armor_leather_vest,革
ui_icon_armor_iron_mail,鉄
ui_icon_armor_leather_boots,革
ui_icon_armor_iron_greaves,鉄
ui_icon_acc_ring_power,力
ui_icon_acc_amulet_life,命
ui_icon_weapon_dragon_greatsword,竜
ui_icon_armor_thorn_mail,棘
ui_icon_acc_guardian_charm,守
ui_eqfx_thorn,棘の返し
ui_eqfx_thorn_desc,防御の 40% のダメージを相手に返す
ui_eqfx_follow_strike,追い打ち
ui_eqfx_follow_strike_desc,攻撃が当たるたび、攻撃力の 30% で追撃する
ui_eqfx_last_guard,最後の守り
ui_eqfx_last_guard_desc,防御 +20
ui_eqfx_trigger_took_damage,攻撃を受けたとき
ui_eqfx_trigger_dealt_damage,攻撃が当たったとき
ui_eqfx_trigger_low_hp,HP が半分以下のあいだ
ui_eqfx_star,★
ui_eqfx_legend,特殊効果
ui_res_quota_ticket,ノルマ札
ui_icon_quota_ticket,札
ui_desc_quota_ticket,難ダンジョンに新しく入るとき1枚使う。ショップで買える（3枚まで）
ui_quota_ticket_count,ノルマ札 %d / %d
ui_quota_ticket_needed,ノルマ札が要る（ショップで買える）
ui_quota_ticket_use,ノルマ札 %d 枚（%d → %d）
ui_icon_relic_banner_of_war,旗
ui_icon_relic_iron_wall,壁
ui_icon_relic_warding_stone,護
ui_icon_relic_swift_boots,疾
ui_icon_relic_lucky_charm,幸
ui_icon_relic_hasty_sigil,加
ui_icon_relic_champion_blade,覇
ui_icon_relic_guardian_plate,堅
ui_icon_relic_sharp_eye,鷹
ui_icon_relic_berserker_mark,狂
ui_icon_relic_first_strike,先
ui_icon_relic_thorns,棘
ui_icon_construction_material_1,建
ui_icon_construction_material_2,建
ui_icon_construction_material_3,建
ui_icon_construction_material_4,建
ui_icon_training_material_1,練
ui_icon_training_material_2,練
ui_icon_training_material_3,練
ui_icon_training_material_4,練
ui_icon_forging_material_1,鍛
ui_icon_forging_material_2,鍛
ui_icon_forging_material_3,鍛
ui_icon_forging_material_4,鍛
ui_icon_decor_material_1,飾
ui_icon_decor_material_2,飾
ui_icon_decor_material_3,飾
ui_icon_decor_material_4,飾
ui_icon_stamina_potion,活
ui_icon_part_gem_hp_1,命
ui_icon_part_gem_hp_2,命
ui_icon_part_gem_hp_3,命
ui_icon_part_gem_hp_4,命
ui_icon_part_gem_atk_1,攻
ui_icon_part_gem_atk_2,攻
ui_icon_part_gem_atk_3,攻
ui_icon_part_gem_atk_4,攻
ui_icon_part_gem_mag_1,魔
ui_icon_part_gem_mag_2,魔
ui_icon_part_gem_mag_3,魔
ui_icon_part_gem_mag_4,魔
ui_icon_part_charm_def_1,防
ui_icon_part_charm_def_2,防
ui_icon_part_charm_def_3,防
ui_icon_part_charm_def_4,防
ui_icon_part_charm_mdef_1,護
ui_icon_part_charm_mdef_2,護
ui_icon_part_charm_mdef_3,護
ui_icon_part_charm_mdef_4,護
ui_icon_part_emblem_crit_rate_1,会
ui_icon_part_emblem_crit_rate_2,会
ui_icon_part_emblem_crit_rate_3,会
ui_icon_part_emblem_crit_rate_4,会
ui_icon_part_emblem_crit_dmg_1,痛
ui_icon_part_emblem_crit_dmg_2,痛
ui_icon_part_emblem_crit_dmg_3,痛
ui_icon_part_emblem_crit_dmg_4,痛
ui_icon_part_emblem_atkspd_1,速
ui_icon_part_emblem_atkspd_2,速
ui_icon_part_emblem_atkspd_3,速
ui_icon_part_emblem_atkspd_4,速
ui_icon_part_emblem_haste_1,早
ui_icon_part_emblem_haste_2,早
ui_icon_part_emblem_haste_3,早
ui_icon_part_emblem_haste_4,早
ui_icon_part_rune_buff_1,強
ui_icon_part_rune_buff_2,強
ui_icon_part_rune_buff_3,強
ui_icon_part_rune_buff_4,強
ui_icon_part_rune_buff_5,強
ui_icon_part_rune_debuff_1,弱
ui_icon_part_rune_debuff_2,弱
ui_icon_part_rune_debuff_3,弱
ui_icon_part_rune_debuff_4,弱
ui_icon_part_rune_debuff_5,弱
ui_icon_part_rune_move_1,移
ui_icon_part_rune_move_2,移
ui_icon_part_rune_move_3,移
ui_icon_part_rune_move_4,移
ui_icon_part_rune_move_5,移
ui_icon_part_rune_heal_1,癒
ui_icon_part_rune_heal_2,癒
ui_icon_part_rune_heal_3,癒
ui_icon_part_rune_heal_4,癒
ui_icon_part_rune_heal_5,癒
ui_icon_part_rune_shield_1,盾
ui_icon_part_rune_shield_2,盾
ui_icon_part_rune_shield_3,盾
ui_icon_part_rune_shield_4,盾
ui_icon_part_rune_shield_5,盾
ui_res_dungeon_potion_heal,回復ポーション
ui_res_dungeon_potion_revive,蘇生ポーション
ui_icon_dungeon_potion_heal,回
ui_icon_dungeon_potion_revive,蘇
ui_dungeon_hard,難ダンジョン
ui_dungeon_section,難ダンジョン
ui_dungeon_resume,続きから
ui_dungeon_start_failed,ダンジョンに入れなかった
ui_dungeon_other_in_progress,別のランの途中です
ui_depth_title,潜る深さ
ui_depth_step,%d層ごと
ui_depth_from,層から
ui_depth_from_exit,%d層の出口から
ui_depth_from_entrance,入口から
ui_depth_next_exit,次の出口 %d層
ui_depth_equip_grade,出る装備 等級%d以上
ui_depth_carry,持ち込みなし・鞄は空の%d枠
ui_depth_minus,−%d
ui_depth_plus,+%d
ui_depth_deepest,最深へ
ui_depth_gauge_entrance,入口
ui_depth_gauge_limit,%d層まで
ui_depth_gauge_best,最深
ui_sortie_preset_short,控え
ui_run_side_party,潜っている3人
ui_run_side_bag,鞄
ui_dungeon_currency,コイン
ui_dungeon_bag,鞄
ui_dungeon_downed,脱落
ui_dungeon_hint,上へ進む。引き返せない
ui_dungeon_node_battle,戦闘
ui_dungeon_node_relic,レリック
ui_dungeon_node_rest,休憩
ui_dungeon_node_boss,ボス
ui_dungeon_cannot_move,そこへは進めない
ui_dungeon_rested,休憩した
ui_dungeon_node_not_ready,このマスはまだ何も起きない
ui_dungeon_potion_used,使った
ui_dungeon_potion_no_effect,その相手には効かない
ui_dungeon_descend,もう1枚潜る
ui_dungeon_descended,次のフロアへ降りた
ui_dungeon_cannot_descend,まだ潜れない
ui_dungeon_retreat,持ち帰る
ui_dungeon_retreat_done,持ち帰った種類
ui_dungeon_abandon,その場で降りる（全ロスト）
ui_warehouse_capacity,マス
ui_warehouse_page_prev,◀
ui_warehouse_page_next,▶
ui_detail_none,マスを選ぶと、ここに詳細が出ます
ui_desc_stamina_potion,スタミナを回復する。冒険に行く回数が増える
ui_desc_dungeon_potion_heal,戦闘時MAX HP を素の30%ぶん戻す。ダンジョンの中でだけ使える
ui_desc_dungeon_potion_revive,脱落した仲間を戻す。戦闘時MAX HP は素の半分から
ui_desc_construction_material_1,研究ボードの解放に使う建築素材。段1
ui_desc_construction_material_2,研究ボードの解放に使う建築素材。段2
ui_desc_construction_material_3,研究ボードの解放に使う建築素材。段3
ui_desc_construction_material_4,研究ボードの解放に使う建築素材。段4（最上）
ui_desc_training_material_1,キャラのレベル上げに使う修練の素材。段1
ui_desc_training_material_2,修練の素材。段2
ui_desc_training_material_3,修練の素材。段3
ui_desc_training_material_4,修練の素材。段4（最上）
ui_desc_forging_material_1,装備の等級上げに使う鍛冶の素材。段1
ui_desc_forging_material_2,装備の等級上げに使う鍛冶の素材。段2
ui_desc_forging_material_3,装備の等級上げに使う鍛冶の素材。段3
ui_desc_forging_material_4,装備の等級上げに使う鍛冶の素材。段4（最上）
ui_desc_decor_material_1,装飾の段階上げに使う飾りの素材。段1
ui_desc_decor_material_2,装飾の段階上げに使う飾りの素材。段2
ui_desc_decor_material_3,装飾の段階上げに使う飾りの素材。段3
ui_desc_decor_material_4,飾りの素材。段4（最上）
ui_warehouse_expand,枠を買う
ui_warehouse_expand_max,枠は上限
ui_dungeon_shop,ボスの間の商人
ui_dungeon_shop_buy,買う
ui_dungeon_shop_bought,買った
ui_dungeon_shop_bag_slot,鞄の枠
ui_dungeon_shop_torch,たいまつ
ui_dungeon_shop_reject_currency,コインが足りない
ui_dungeon_shop_reject_bag,鞄が満杯
ui_dungeon_shop_reject_torch_max,たいまつはこれ以上強くならない
ui_dungeon_shop_reject_closed,いまは買えない
ui_dungeon_relic_select,レリックを1つ選ぶ（このランのあいだ効く）
ui_dungeon_shop_enter,商人と話す
ui_dungeon_shop_here,ボスの間に商人が来ている
ui_dungeon_shop_currency_note,コインはここでしか使えない。持ち帰れない
ui_dungeon_shop_bag_items,鞄に入る品
ui_dungeon_shop_other_items,鞄に入らない品
ui_dungeon_shop_footer_hint,買い終わったら「戻る」でマップへ
ui_dungeon_shop_bag_free,鞄の空き %d
ui_dungeon_layers_ahead,%d層先
ui_dungeon_layer_no,%d層
ui_dungeon_relic_hint,1つ選ぶ。このランのあいだ効く
ui_dungeon_node_chest,宝箱
ui_dungeon_chest_title,宝箱を見つけた
ui_dungeon_chest_hint,開けると中身が鞄に入る。鞄が満杯だと入らない
ui_dungeon_chest_open,開ける
ui_dungeon_chest_opened,中身を鞄に入れた
ui_dungeon_corridor_chest_title,通路に宝箱があった
ui_dungeon_edge_event_trap_hp,"通路に罠があった。全員が傷を負った（戦闘時MAX HP -%s）"
ui_dungeon_edge_event_trap_currency,"通路で足をすくわれた。コインを落とした（-%s）"
ui_dungeon_edge_event_resource,"通路で拾いものをした（%s）"
ui_dungeon_edge_event_chest,"通路に宝箱があった（%s）"
ui_desc_relic_banner_of_war,編成3人の攻撃力が15%上がる。
ui_desc_relic_iron_wall,編成3人の物理防御が8上がる。
ui_desc_relic_warding_stone,編成3人の魔法防御が8上がる。
ui_desc_relic_swift_boots,編成3人の攻撃速度が10上がる。
ui_desc_relic_lucky_charm,編成3人の会心率が12上がる。
ui_desc_relic_hasty_sigil,編成3人のヘイストが15上がる。
ui_desc_relic_champion_blade,付けた1人の攻撃力が35%上がる。
ui_desc_relic_guardian_plate,付けた1人の物理防御が20上がる。
ui_desc_relic_sharp_eye,付けた1人の会心率が20、会心ダメージが30上がる。
ui_desc_relic_berserker_mark,"付けた1人のHPが半分以下のあいだ、攻撃力が40%上がる。"
ui_desc_relic_first_strike,"戦闘開始から20秒のあいだ、付けた1人の攻撃力が30%上がる。"
ui_desc_relic_thorns,"付けた1人が攻撃を受けたとき、攻撃力の25%を相手に返す。"
ui_dungeon_edge_event_resource_full,"通路に拾いものがあったが、鞄が満杯で置いてきた（%s）"
ui_dungeon_edge_title_trap_hp,通路に罠があった
ui_dungeon_edge_title_trap_currency,通路で足をすくわれた
ui_dungeon_edge_title_resource,通路で拾いものをした
ui_dungeon_edge_title_chest,通路に宝箱があった
ui_dungeon_edge_title_resource_full,拾いものを置いてきた
ui_dungeon_pickup_title,拾いもの
ui_dungeon_pickup_hint,鞄に入れるものを選ぶ。置いていったものは戻らない
ui_dungeon_pickup_full,鞄が満杯。入れるには鞄から何か捨てる
ui_dungeon_pickup_take,鞄に入れる
ui_dungeon_pickup_take_all,入るだけ全部入れる
ui_dungeon_pickup_discard,置いていく
ui_dungeon_pickup_discard_bag,鞄から捨てる
ui_dungeon_pickup_lose_note,閉じると入るだけ自動で鞄へ。入らないものは失う
ui_dungeon_auto_stored,鞄に%d個入れた
ui_dungeon_auto_title,鞄に入れた
ui_dungeon_auto_body,入るだけ鞄に入れた。入らなかったものは失われた
ui_dungeon_auto_in,入った
ui_dungeon_auto_lost,入らず失われた
ui_dungeon_pickup_waiting,拾い待ち
ui_dungeon_pickup_take_all_note,上から順に入る
ui_dungeon_pickup_no_room,入る枠が無い
ui_dungeon_bag_discarded,鞄から捨てた
ui_dungeon_bag_discard_failed,捨てられなかった
ui_dungeon_bag_use_note,誰に使うか選ぶ（脱落中は赤）
ui_dungeon_chest_bag_title,いまの鞄
ui_dungeon_torch_grade,"たいまつ 等級%d（%d層先）"
ui_uitest_button_variant_secondary,既定（並列の選択肢）
ui_uitest_button_variant_primary,主要（真鍮・1画面に1個）
ui_uitest_button_variant_ghost,戻る・閉じる
ui_uitest_button_variant_danger,危険・不可逆
ui_uitest_button_state_normal,通常
ui_uitest_button_state_hover,ホバー（乗せて見る）
ui_uitest_button_state_pressed,押下
ui_uitest_button_state_disabled,不活性
ui_uitest_button_long_phase,このフェーズを終わらせる
ui_warehouse_no_chest_hint,ダンジョンやショップで手に入ります
ui_warehouse_receive,受け取る
ui_uitest_modal_window,モーダル（窓形式）
ui_nav_base,拠点
ui_guild_lead,装備・スキル・ステータスは「育成」から各キャラを開いて設定します。
ui_guild_note,枠は6つで固定。増減しても他のカードの位置は動きません。
ui_guild_desc_training,レベルを上げ、ステータス・スキル・装備を整える。
ui_guild_desc_warehouse,手に入れた装備・装飾・素材を見る。要らない装備は素材に戻せる。
ui_guild_desc_shop,金とジェムで素材・装備を買う。品揃えは毎日入れ替わる。
ui_guild_desc_research,上の等級の装備と、装飾の枠を解放する。
ui_guild_desc_workshop,素材から装備を作る。要らない装備は素材に戻せる。
ui_guild_empty_slot,（空き）
ui_guild_empty_desc,入口が増えたときの置き場所。枠は動かさない。
ui_guild_empty_status,未解放
ui_guild_status_training,%s が Lv%d に上げられます
ui_guild_status_training_none,いま上げられるキャラはいません
ui_guild_status_shop,品揃え %d 件
ui_guild_status_research,解放できる %d 件
ui_guild_status_workshop,作れるもの %d 件
ui_guild_warehouse,倉庫
ui_guild_status_warehouse,持ち物 %d 個
ui_common_chevron,›
ui_common_wip,準備中
ui_role_char_swordsman,近接・前衛
ui_role_char_archer,遠距離
ui_role_char_priest,回復・支援
ui_training_material_hint,レベルアップに使う素材です。作業場で作れます。
ui_training_debug_section,検証用（リリース前に消す）
ui_training_level_of_cap,Lv %d ／ 上限 %d
ui_training_unused_points,未使用ポイント %d
ui_training_need_ok,%s %d で Lv%d
ui_training_need_short,%s が %d 足りません
ui_training_need_none,—
ui_training_cost_for,Lv%d に必要な%s
ui_training_cost_owned,%d ／ 所持 %d
ui_training_level_up_cost,%s　%s %d
ui_training_next_level,Lv%d で %s。
ui_training_next_point,ポイント +1
ui_training_settings,この子の設定
ui_training_build,ビルド
ui_training_job_change,転職
ui_party_preset_burn_hint,いまの設定 → ビルド
ui_party_preset_apply_hint,ビルド → いまの設定
ui_skill_select_lead,戦闘に持ち込む %d つを選ぶ
ui_skill_select_goes_to,選んだスキルは 枠%d に入ります
ui_skill_select_here,ここに入ります
ui_skill_select_pick_below,下の候補から1つ選んでください
ui_skill_select_in_slot,枠%d に入っています
ui_skill_select_unlocked_count,%d 件中 %d 件が解放ずみ
ui_skill_select_cooldown,CD %.1f秒
ui_skill_select_charge,チャージ %.1f秒
ui_stat_node_passive_note,ステータスノードのポイントが貯まると自動で解放され、全部効きます。ポイントは減りません。
ui_desc_skill_power_slash,一番近い1体に攻撃力 200% の一撃。自分の攻撃力が 8 秒間 +6
ui_desc_skill_wide_sweep,敵全体に攻撃力 90%。ためているあいだ自分の物理防御 +20
ui_desc_skill_reckless_strike,一番近い1体に攻撃力 340%。代わりに自分のHPの 12% を失う
ui_desc_skill_last_stand,一番近い1体に一撃。失ったHPが多いほど威力が上がる
ui_desc_skill_shield_bash,一番近い1体に一撃。攻撃力より物理防御のほうが強く効く
ui_desc_skill_helm_splitter,HPが一番多い1体に、防御を無視する攻撃力 220% の一撃
ui_desc_passive_sw_whetstone,攻撃力が 10% 上がる
ui_desc_passive_sw_last_wall,HPが半分以下のあいだ、物理防御 +25
ui_desc_passive_sw_thorn_mail,攻撃を受けたとき、物理防御の 40% を相手に返す
ui_desc_passive_sw_bloodlust,敵が 2 体以下のあいだ、攻撃速度 +15
ui_desc_passive_sw_vanguard,物理防御 +20、魔法防御 +20
ui_desc_skill_snipe,一番近い1体に矢で攻撃力 260% の一撃
ui_desc_skill_arrow_rain,敵全体に矢で攻撃力 120%
ui_desc_skill_finisher,HPが一番少ない1体に矢で攻撃力 300%
ui_desc_skill_long_shot,一番近い1体に矢。相手が遠いほど威力が上がる
ui_desc_skill_rapid_volley,近い2体に矢を2連射。攻撃速度が高いほど威力が上がる
ui_desc_skill_piercing_arrow,一番遠い1体に、防御を無視する矢で攻撃力 240%
ui_desc_passive_ar_steady_aim,会心率 +10
ui_desc_passive_ar_opening_shot,戦闘開始から 15 秒間、攻撃力が 20% 上がる
ui_desc_passive_ar_follow_through,ダメージを与えたとき、攻撃力の 35% で追撃する
ui_desc_passive_ar_hunters_focus,敵が 2 体以下のあいだ、会心倍率 +40
ui_desc_passive_ar_volley_master,攻撃速度 +20
ui_desc_skill_healing_light,味方全員を魔力 100% ぶん回復する
ui_desc_skill_holy_ray,敵全体に魔力 100% の光。さらに 6 秒かけて魔力 30% の追加ダメージ
ui_desc_skill_mend,HPが一番少ない味方1体を魔力 220% ぶん回復する
ui_desc_skill_drain_life,一番近い1体に魔力 160%。自分を魔力 80% ぶん回復する
ui_desc_skill_purge_wave,敵全体に一撃。魔力より魔法防御のほうが強く効く
ui_desc_skill_judgement,一番近い1体に一撃。相手のHPが多いほど威力が上がる
ui_desc_passive_pr_devotion,魔力 +12
ui_desc_passive_pr_triage,味方が 2 人以下のあいだ、魔力 +25
ui_desc_passive_pr_sanctuary,魔法防御 +20
ui_desc_passive_pr_zeal,戦闘開始から 30 秒たつと、CD短縮 +15
ui_desc_passive_pr_benediction,魔力 +20、CD短縮 +10
ui_stat_node_hint,＋を押すと 1 段ずつ振れます。
ui_stat_node_cost,%d pt
ui_stat_node_taken,済
ui_stat_node_tier,段%d
ui_stat_node_after,振ったあとのステータス
ui_stat_node_spent,振り分け済み
ui_stat_node_add,＋
ui_battle_layer,%d層
ui_battle_wave,波
ui_uitest_skill_tiles,戦闘のスキルのマス
ui_uitest_skill_tiles_note,"上から 通常CD（残り 20/14/9/4/1.2秒・待機・戦闘不能）／チャージ（待機・溜め中・窓の中・CD中）／recast（待機・構え残り3回・残り1回・CD中）"
ui_battle_result_victory_title,戦闘に勝利
ui_battle_result_defeat_title,戦闘に敗北
ui_battle_result_summary,%s ／ 被ダメージ %d
ui_battle_result_next,次へ進む
ui_battle_result_to_base,拠点へ
ui_battle_result_note_dungeon_loot,戦利品は次の画面で選ぶ
ui_battle_result_note_training,検証用ステージのため報酬なし
ui_battle_result_note_bag_lost,鞄の中身を失った
ui_battle_skill_boss_slime_tide,粘液の大波
ui_desc_skill_boss_slime_tide,味方全員に魔力 220% の魔法ダメージ
ui_battle_skill_slime_press,のしかかり
ui_desc_skill_slime_press,一番近い1体に攻撃力 200% の一撃
ui_battle_skill_wolf_rend,噛み裂き
ui_desc_skill_wolf_rend,一番近い1体に攻撃力 170% の一撃
ui_chest_dungeon,深層の宝箱
ui_chest_dungeon_edge,通路の宝箱
ui_stat_node_empty,このキャラクターに振れるものはまだ無い
ui_part_slot_locked_at,等級%d で開く
ui_part_slot_next_hint,等級%d まで鍛えると、次の装飾の枠が開く
ui_part_attach_hint,刺したい装飾を押す
ui_part_none_hint,刺せる装飾を持っていない（冒険で手に入る）
ui_part_gate_locked,装飾はまだ使えない（冒険を進めると開く）
ui_uitest_paper,紙の部品（回UI-2）
ui_uitest_paper_heading,見出し（明朝＋太い下線）
ui_uitest_paper_ornament,概要
ui_uitest_paper_row_normal,ふつうの行
ui_uitest_paper_row_selected,選んでいる行
ui_uitest_paper_row_disabled,使えない行
ui_uitest_paper_note,紙の上の小さい字（薄墨）。暗い箱で囲まない
ui_stamp_done,済
ui_stamp_accepted,受理
ui_stamp_level_up,昇級できる
ui_facility_hq,本部
ui_facility_barracks,詰所
ui_facility_training,育成
ui_facility_forge,鍛冶場
ui_facility_belongings,持ち物
ui_facility_records,記録
ui_records_tab_codex,アイテム図鑑
ui_settings_title,設定
ui_report_heading,帰還
ui_focus_tools_title,集中の道具
ui_focus_tools_subtitle,ポモドーロの見た目を選ぶ
ui_focus_tools_open,集中の道具
ui_pomodoro_settings_open,ポモドーロの設定
ui_focus_tools_preview,見本（集中中）
ui_focus_tool_caption,集　中
ui_focus_tools_catalog,道具の目録
ui_focus_tools_use,%sを使う
ui_focus_tools_in_use,使用中
ui_focus_tools_owned,持っている
ui_focus_tools_not_owned,まだ持っていない
ui_focus_tools_how,手に入れ方はまだ
ui_focus_tool_hourglass,砂時計
ui_focus_tool_candle,ろうそく
ui_focus_tool_clock,柱時計
ui_focus_tool_water_clock,水時計
ui_focus_tool_unknown,［まだ見ぬ道具］
ui_report_title_returned,帰還報告書
ui_report_title_defeated,敗走報告書
ui_report_title_abandoned,撤退報告書
ui_report_cleared_caption,踏破
ui_report_floor_unit,フロア
ui_report_how_returned,ボスを倒した先から戻った
ui_report_how_defeated,全員が倒れた。鞄の中身は失った
ui_report_how_abandoned,その場で降りた。鞄の中身は失った
ui_report_best_updated,最深更新
ui_report_best,最深 %d層
ui_report_no_boss,ボスはまだ倒していない
ui_report_floor,%d層
ui_report_layer_unit,層
ui_report_layer_span,%d → %d
ui_report_boss_more,ほかに %d 体のボスを突破した
ui_report_boss,ボス
ui_report_boss_cleared,突破
ui_report_kept,装備・レベルはそのまま
ui_report_items_granted,持ち帰った品
ui_report_items_lost,失った品
ui_report_kinds,%d 種
ui_report_no_items,何も持っていなかった
ui_report_note_chest,宝箱は宝物庫へ。開けると中身が決まる
ui_report_note_discarded,%s ×%d は置いてきた（ランの中だけの品）
ui_report_note_lost,装備・装飾・レベル・研究は失わない
ui_report_open_chests,宝箱を開けに行く
ui_report_home,本部へ戻る
ui_settings_tab_display,表示
ui_settings_tab_audio,音
ui_settings_tab_pomodoro,ポモドーロと小窓
ui_settings_tab_data,データ
ui_settings_display_mode,画面の大きさ
ui_settings_windowed,窓
ui_settings_fullscreen,全画面
ui_settings_volume_master,全体の音量
ui_settings_volume_se,効果音
ui_settings_volume_bgm,BGM
ui_settings_percent,%d%%
ui_settings_focus,集中の長さ
ui_settings_break,休憩の長さ
ui_settings_minutes,%d分
ui_settings_mini_window,ポモドーロ中は小窓にする
ui_settings_mini_window_note,ポモドーロのあいだだけ、デスクトップの隅に本部の一角を出す。終わると閉じる
ui_settings_mini_window_top,小窓をいつも前に出す
ui_settings_mini_window_top_note,ポモドーロ中のみ
ui_settings_talk,休憩に入ったら話しかける
ui_settings_later,まだ
ui_settings_off,オフ
ui_settings_on,オン
ui_mini_expand,大きく
ui_mini_phase_focus,集中
ui_mini_phase_break,休憩
ui_mini_finish_task,タスクを終える
ui_mini_skip_break,休憩をとばす
ui_settings_data_reset,セーブを消す
ui_settings_data_reset_note,タイトルの「はじめから」を長押しすると、最初からやり直せる
ui_settings_data_separate,設定はセーブと別に残る
ui_settings_data_separate_note,セーブを消しても、この画面の設定は消えない
ui_records_tab_focus,集中の履歴
ui_records_tab_characters,キャラの情報
ui_records_tab_dungeons,ダンジョンの情報
ui_records_codex_title,初めて手に入れた記録
ui_records_kind_equipment,装備
ui_records_kind_part,装飾
ui_records_kind_material,素材
ui_records_unknown,？
ui_records_detail_none,品を押すと、ここに詳しく出る
ui_records_grade,%d
ui_records_detail_slot,部位
ui_records_detail_tier,段階
ui_records_detail_range,+%d〜%d
ui_records_detail_obtained_count,手に入れた数
ui_records_detail_count,%d 個
ui_records_detail_obtained,初めて手に入れた日
ui_records_focus_total,集中を終えた回数（合計）
ui_records_focus_today,今日の集中
ui_records_focus_last,最後に終えた日時
ui_records_focus_note,日ごとの履歴はまだ記録していない。
ui_records_count,%d 回
ui_records_minutes,%d 分
ui_records_none,—
ui_records_cleared,済
ui_records_not_cleared,まだ
ui_records_in_progress,潜っている途中
ui_facility_research,研究
ui_facility_shop,ショップ
ui_relic_give_to,%sに付ける
ui_relic_attach_to,付ける人
ui_stamp_chosen,選んだ
ui_common_menu,メニュー
ui_relic_list_title,持っているレリック
ui_relic_list_empty,まだ持っていない
ui_relic_list_open,レリックを見る
ui_common_suspend_to_base,拠点へ（中断）
ui_dungeon_abandon_confirm,その場で降りますか？ 鞄の中身とコインがなくなります（装備・レベル・研究はなくなりません）
ui_floor_abandon_confirm,フロアを降りますか？ たいまつ・レリック・鞄の中身がなくなります
ui_map_legend,しるし
ui_dungeon_fork_retreat_caption,鞄の中身を持ち帰る
ui_dungeon_fork_descend_title,もう%d層
ui_dungeon_layer_range,%d–%d層
ui_dungeon_header_layer,%d層　∩ 出口まで %d
ui_dungeon_fork_warning,倒れたら鞄は空になる
ui_dungeon_fork_descend_button,潜る
ui_dungeon_shop_in_bag,鞄に %d 個
ui_dungeon_shop_leave_descend,%d層へ
ui_dungeon_shop_leave_map,地図へ戻る
ui_common_cancel,やめる
ui_stamp_irreversible,戻せない
ui_stamp_lose_all,全部なくす
ui_stamp_erased,消える
ui_dungeon_abandon_title,その場で降りる
ui_dungeon_abandon_short,降りる
ui_part_break_title,装飾を壊す
ui_pomodoro_quit_title,拠点へ戻る
ui_title_delete_save_hold,消す（長押し）
ui_title_delete_hold_hint,押しつづけると消える。途中で離せば止まる
ui_title_guild,冒険者ギルド
ui_title_quit,終わる
ui_title_restart_title,はじめからやり直す
ui_title_restart_confirm,持ち物・3人の育成・記録がすべて消えて、最初からになる。
ui_common_minutes_unit,分
ui_stamp_today,今日はこれ
ui_pomodoro_start_with,{0}で始める
ui_dossier_title,身　上　書
ui_dossier_signature,本人署名
ui_dossier_lv,Lv
ui_training_tab_overview,概要
ui_training_points_value,%d pt
ui_training_apply_header,昇　級　の　申　請
ui_training_level_arrow,%d → %d
ui_training_need_header,必要なもの
ui_training_need_value,%s %d ／ %d
ui_training_apply,昇級させる
ui_training_nodes_heading,ステータスの割り振り
ui_training_nodes_remaining,残り %d pt
ui_training_nodes_next,%dpt で %s
ui_training_passive_road,修練の道
ui_training_skills_heading,持ち込むスキル
ui_training_skills_known,覚えている %d ／ %d
ui_training_skill_in_slot,枠%d
ui_training_skill_pick,下から選ぶ
ui_training_equip_heading,装備の割り当て
ui_training_equip_count,%s %d本
ui_training_equip_none,この部位の装備はまだ持っていない
ui_training_equip_empty,空き
ui_training_equip_wearing,装備中
ui_training_equip_forge,鍛冶場で鍛える
ui_training_equip_wear,%s を着ける
ui_training_equip_pick,右から選ぶ
ui_training_equip_part_filled,◆
ui_training_equip_part_open,◇
ui_level_up_title,昇級
ui_level_up_form,昇　級　申　請　書
ui_level_up_done_level,Lv %d
ui_level_up_next_skill,次に覚えるスキル（Lv%d）
ui_level_up_approver,承認　ギルドマスター
ui_level_up_point,ステータスノードの点
ui_level_up_point_gain,+1
ui_level_up_go_nodes_short,振りに行く ›
ui_stamp_level_up_done,昇級
ui_level_up_seal_here,ここに判
ui_level_up_left,%s のこり %d
ui_level_up_uses,使うもの
ui_level_up_remain,のこり %d → %d
ui_level_up_go_nodes,点を振りに行く
ui_level_up_again,続けて昇級させる
ui_level_up_back,育成へ戻る
ui_level_up_press,判を押して昇級させる
ui_belongings_tab_equip,装備
ui_belongings_tab_part,装飾
ui_belongings_tab_material,素材
ui_belongings_filter_all,すべて
ui_belongings_count,%d 個
ui_belongings_attach_heading,刺せる装飾（枠%d）
ui_belongings_owned,持っている %d
ui_belongings_attach,刺す
ui_belongings_dismantle,分解
ui_belongings_forge_note,鍛える：%s %d ／ %d
ui_belongings_dismantle_confirm,%s を分解して素材に戻す。戻ってくる素材 %d 個。
ui_belongings_dismantle_title,分解する
ui_belongings_not_equipped,だれも着けていない
ui_barracks_open,開く ›
ui_barracks_can_level_up,昇級できる
ui_barracks_skill_empty,［空き］
ui_barracks_skill_separator,・
ui_barracks_sortie,出撃届
ui_barracks_reserve,編成の控え
ui_barracks_call,呼ぶ
ui_barracks_kept,控え%d に残しました
ui_quest_board_title,依頼掲示板
ui_quest_tab_normal,通常の依頼
ui_quest_tab_hard,高難度の依頼
ui_quest_tab_debug,検証用
ui_quest_episode,第%d話
ui_quest_training_caption,練習場
ui_quest_go,行く
ui_quest_locked,前の話を終えると
ui_quest_cleared,済
ui_quest_take,受ける
ui_quest_sortie_go,出撃する
ui_chest_title,届いた宝箱
ui_chest_subtitle,本部の宝物庫
ui_chest_ledger,棚の帳面
ui_chest_remain,あと %d 箱
ui_chest_open_all,まとめて開ける
ui_chest_next,次を開ける（あと %d）
ui_chest_pick_hint,帳面で選んで開ける
ui_chest_received,持ち物に入れた
ui_chest_opened_all,まとめて %d 箱
ui_chest_source_pomodoro,集中の加護から
ui_chest_source_battle,戦闘から
ui_chest_source_floor,シナリオから
ui_chest_source_dungeon,難ダンジョンから
ui_chest_kind_material,素材
ui_chest_kind_equipment,装備
ui_chest_kind_part,装飾
ui_chest_kind_consumable,消耗品
ui_chest_kind_key_item,大事なもの
ui_chest_kind_gift,贈り物
ui_chest_kind_chest,宝箱
ui_chest_kind_currency,通貨
ui_chest_fx_skip_hint,台を押すと飛ばす
ui_forge_tab_forge,鍛える
ui_forge_tab_make,作る
ui_forge_list,鍛える装備
ui_forge_no_equipment,鍛えられる装備が無い
ui_forge_no_equipment_hint,装備は難ダンジョンや宝箱で手に入る
ui_forge_reject_max,これ以上は鍛えられない
ui_forge_chance,成功 %d%%
ui_forge_need,%d ／ %d 持ち
ui_forge_use_token,確定成功の札を使う
ui_forge_use_token_on,確定成功の札を使う（使う）
ui_forge_token_left,のこり %d
ui_forge_note,等級5→6 から失敗がある。失敗しても等級は下がらない
ui_forge_do,鍛える
ui_forge_record,鍛　冶　の　記　録
ui_forge_result_subtitle,鍛えた結果
ui_forge_striking,鍛えている…
ui_forge_strike_skip,押すと飛ばす
ui_forge_continue,続けて鍛える
ui_forge_retry,もう一度鍛える
ui_forge_before,前
ui_forge_now,いま
ui_forge_success,成功
ui_forge_fail,失敗
ui_forge_unchanged,そのまま
ui_forge_not_lowered,下がらない
ui_forge_slot_opened,装飾の枠がひとつ開いた
ui_forge_grade,等級
ui_forge_used,使った素材
ui_forge_lost,なくなった
ui_forge_to_belongings,持ち物で見る
ui_forge_arrow,→
ui_res_forge_guarantee_token,確定成功の札
ui_icon_forge_guarantee_token,確
ui_desc_forge_guarantee_token,鍛冶場で使うと、その1回は必ず成功する。難ダンジョンの宝箱からたまに出る
ui_sortie_title,出撃の準備
ui_sortie_barracks_subtitle,出撃の並びと控え
ui_sortie_barracks_tag,依頼を受けずに開いた
ui_sortie_barracks_note,ここで決めた並びが、次の出撃の最初の形になる。育てるのは育成で。
ui_sortie_stamina,スタミナ %d
ui_sortie_front,いちばん前
ui_sortie_middle,まんなか
ui_sortie_back,いちばん後ろ
ui_sortie_dropdown,▼
ui_sortie_pick_hint,下の名簿から選ぶ
ui_sortie_swap_hint,押すと名簿から選ぶ
ui_sortie_move_left,◀
ui_sortie_move_right,▶
ui_sortie_move_left_hint,左の枠と入れ替える
ui_sortie_move_right_hint,右の枠と入れ替える
ui_sortie_not_out,出撃していない
ui_sortie_accepted,受理
ui_sortie_build_note,選ぶとそのビルドを当てる
ui_sortie_reserve_count,%d件
ui_sortie_same,いまと同じ
ui_sortie_keep,いまを残す
ui_sortie_call_title,控え%dを呼ぶ
ui_sortie_call_order,並び
ui_sortie_call_moves,装備が移る
ui_sortie_call_move_line,%s　%s → %s
ui_sortie_keep_overwrite,控え%d を、いまの並びで上書きする
ui_sortie_keep_title,控え%dに残す
ui_sortie_roster,名簿
ui_sortie_roster_hint,枠を押すと、ここから選べる
ui_sortie_roster_for,%d番（%s）に入れる人
ui_sortie_sort_level,Lv
ui_sortie_sort_name,名前
ui_sortie_swap_with,%d番と入れ替わる
ui_sortie_in_slot,出撃 %d
ui_sortie_roster_picked,%s を選んだ
ui_sortie_open_training,選んだ人を育成で開く
ui_sortie_guide_count,はじめての出撃届　%d / %d
ui_sortie_guide_skip,とばす
ui_sortie_guide_next,つぎへ
ui_sortie_guide_start,はじめる
ui_sortie_guide_1_title,◀ ▶ で並びを入れ替えられる
ui_sortie_guide_1_body,1番がいちばん前に立つ。枠の下の ◀ ▶ で隣と入れ替わる。控えを呼べば、並びとビルドをまとめて変えられる。
ui_sortie_guide_2_title,光っている人は、まだ出ていない人
ui_sortie_guide_2_body,枠を押してから、下の名簿で光っている人を押すと、その枠に入る。
ui_task_title,タスク
ui_task_list_title,やること
ui_task_count,%d件
ui_task_new_placeholder,新しいタスクを書く
ui_task_add,足す
ui_task_filter_all,すべて
ui_task_tag,#%s
ui_task_list_empty,タスクはまだありません
ui_task_list_empty_hint,上の欄に書いて「足す」を押すと溜めておけます
ui_task_move_up,▲
ui_task_move_down,▼
ui_task_note_separator,　・　
ui_task_detail_title,詳しく
ui_task_detail_none,左のタスクを押すと、ここで詳しく決められます
ui_task_field_title,名前
ui_task_field_memo,メモ
ui_task_memo_placeholder,メモを書く（任意）
ui_task_field_due,期限
ui_task_due_none,なし
ui_task_due_set_today,今日
ui_task_field_color,色
ui_task_color_0,赤
ui_task_color_1,黄
ui_task_color_2,緑
ui_task_color_3,藍
ui_task_color_4,紫
ui_task_color_5,茶
ui_task_field_tags,タグ（押すと外す）
ui_task_tag_remove,#%s ×
ui_task_tag_placeholder,タグを書く
ui_task_tag_add,タグを足す
ui_task_due_overdue,期限切れ
ui_task_due_today,今日まで
ui_task_wall_title,やること
ui_task_wall_open,ひらく
ui_task_wall_empty,やることはまだありません
ui_task_wall_empty_hint,「ひらく」から足せます
ui_pomodoro_task_add,書いた題をリストに足す
ui_pomodoro_task_pick_empty,まだのタスクはありません
ui_pomodoro_task_pick_empty_hint,題を書いて「リストに足す」を押すと足せます
ui_records_tab_tasks,終わったタスク
ui_records_tasks_empty,終わったタスクはまだありません
ui_records_tasks_empty_hint,終えたタスクは、次の朝4:00にここへ移ります
ui_pomodoro_task_list_empty_hint,下の欄に書いて「足す」で足せます
ui_task_delete,消す
ui_task_delete_confirm,「%s」を消しますか？ 記録にも残りません
ui_task_focus_minutes,%d分
ui_task_focus_hours,%d時間%d分
ui_weekday_0,日
ui_weekday_1,月
ui_weekday_2,火
ui_weekday_3,水
ui_weekday_4,木
ui_weekday_5,金
ui_weekday_6,土
ui_task_date_long,%s（%s）
ui_task_summary_overdue,期限切れ %d
ui_task_summary_today,今日まで %d
ui_task_wall_more,下にあと%d件
ui_task_list_counts,まだ %d件　今日終えた %d件
ui_task_filter_note,#%s の%d件を出しています
ui_task_hidden_note,ほかのタグの%d件は隠れています
ui_task_focus_total,これまでの集中　%s
ui_task_delete_this,このタスクを消す
ui_task_days_left,あと%d日
ui_task_due_tomorrow,明日
ui_task_due_week,今週中
ui_task_due_pick,日付を選ぶ ▼
ui_task_cal_prev,◀
ui_task_cal_next,▶
ui_task_cal_month,%d年 %d月
ui_settings_task,タスク
ui_settings_week_end,週の終わりの日
ui_settings_week_end_note,期限の札「今週中」が入れる日です
ui_settings_weekday_5,金曜
ui_settings_weekday_6,土曜
ui_settings_weekday_0,日曜
ui_pomodoro_task_so_far,これまで %s
ui_pomodoro_task_unlink,外す
ui_pomodoro_task_rename_note,"題を書き換えると、リストのタスクの名前も変わります"
ui_pomodoro_task_list_hint,"行を押すと、いまのタスクにします　四角を押すと終わり"
ui_records_tasks_total,ぜんぶで %d件　集中 %s
ui_records_tasks_year,%d年
ui_records_tasks_month,%d月
ui_records_tasks_day,%d月%d日（%s）
ui_records_tasks_open,▼
ui_records_tasks_closed,▶
ui_records_tasks_sum,%d件　%s
ui_pomodoro_task_memo_tip,メモ・期限・色を見る／書く
ui_pomodoro_task_edit_title,タスクのメモ
ui_task_cal_prev_year,«
ui_task_cal_next_year,»
ui_task_cal_prev_year_tip,前の年
ui_task_cal_next_year_tip,次の年
ui_pomodoro_pause,一時停止
ui_pomodoro_resume,再開
ui_pomodoro_extend,＋%d分
ui_pomodoro_today_minutes,今日 %d分
ui_pomodoro_goal_progress,今日 %d / %d分
ui_pomodoro_goal_reached,今日 %d / %d分　達成
ui_mini_paused,%s（停止中）
ui_settings_auto_start,休憩明けに自動で始める
ui_settings_auto_start_note,休憩が終わったら、前と同じ題とタスクで次の集中を始めます
ui_settings_daily_goal,1日の目標（集中した分）
ui_settings_goal_none,なし
ui_pomodoro_task_empty_prompt,やることがまだありません。題を書いて「リストに足す」か、右の欄で足しましょう
ui_mini_list_open,リスト ▼
ui_mini_list_close,リスト ▲
ui_pomodoro_extend_short,＋%d
